id,image,image_path,split,dataset,selected,selection_bucket,teacher_comment_3line,teacher_comment_strength_line,teacher_comment_weakness_line,teacher_comment_verdict_line,teacher_source_mode,teacher_model_name
aadb__train__teacher__85__aadb__farm1_386_19946308978_de7f5d63bb_b.jpg__d3a1843d__9020d2c7,/home/omen_pc1/photo_score_project/data/raw/aadb/images/farm1_386_19946308978_de7f5d63bb_b.jpg,/home/omen_pc1/photo_score_project/data/raw/aadb/images/farm1_386_19946308978_de7f5d63bb_b.jpg,train,aadb,False,middle_near_miss,"Strength: clean subject emphasis.
Weakness: busier background.
Verdict: not selected because busier background undercuts clean subject emphasis.",Strength: clean subject emphasis.,Weakness: busier background.,Verdict: not selected because busier background undercuts clean subject emphasis.,local_vila_worker,/home/omen_pc1/photo_score_project/checkpoints/VILA1.5-3b
ava__train__teacher__101__ava__2349.jpg__1e0d76c2__8dc313e6,/home/omen_pc1/ava/images/2349.jpg,/home/omen_pc1/ava/images/2349.jpg,train,ava,False,rejected_low,"Strength: clean subject emphasis.
Weakness: busier background.
Verdict: not selected because busier background undercuts clean subject emphasis.",Strength: clean subject emphasis.,Weakness: busier background.,Verdict: not selected because busier background undercuts clean subject emphasis.,local_vila_worker,/home/omen_pc1/photo_score_project/checkpoints/VILA1.5-3b
ava__train__teacher__144__ava__421006.jpg__9d319577__2fdd9595,/home/omen_pc1/ava/images/421006.jpg,/home/omen_pc1/ava/images/421006.jpg,train,ava,False,middle_near_miss,"Strength: clean subject emphasis.
Weakness: busier background.
Verdict: not selected because busier background undercuts clean subject emphasis.",Strength: clean subject emphasis.,Weakness: busier background.,Verdict: not selected because busier background undercuts clean subject emphasis.,local_vila_worker,/home/omen_pc1/photo_score_project/checkpoints/VILA1.5-3b
ava__train__teacher__178__ava__605719.jpg__8d0f35ac__1db579bc,/home/omen_pc1/ava/images/605719.jpg,/home/omen_pc1/ava/images/605719.jpg,train,ava,False,rejected_low,"Strength: clean subject emphasis.
Weakness: busier background.
Verdict: not selected because busier background undercuts clean subject emphasis.",Strength: clean subject emphasis.,Weakness: busier background.,Verdict: not selected because busier background undercuts clean subject emphasis.,local_vila_worker,/home/omen_pc1/photo_score_project/checkpoints/VILA1.5-3b
ava__train__teacher__64__ava__412308.jpg__5792c22a__7a00e1e4,/home/omen_pc1/ava/images/412308.jpg,/home/omen_pc1/ava/images/412308.jpg,train,ava,False,rejected_low,"Strength: clean subject emphasis.
Weakness: busier background.
Verdict: not selected because busier background undercuts clean subject emphasis.",Strength: clean subject emphasis.,Weakness: busier background.,Verdict: not selected because busier background undercuts clean subject emphasis.,local_vila_worker,/home/omen_pc1/photo_score_project/checkpoints/VILA1.5-3b
ava__train__teacher__37__ava__105248.jpg__d90cb552__81993d08,/home/omen_pc1/ava/images/105248.jpg,/home/omen_pc1/ava/images/105248.jpg,train,ava,False,rejected_low,"Strength: clean subject emphasis.
Weakness: busier background.
Verdict: not selected because busier background undercuts clean subject emphasis.",Strength: clean subject emphasis.,Weakness: busier background.,Verdict: not selected because busier background undercuts clean subject emphasis.,local_vila_worker,/home/omen_pc1/photo_score_project/checkpoints/VILA1.5-3b
ava__train__teacher__130__ava__594561.jpg__cecdb0a8__19d1144c,/home/omen_pc1/ava/images/594561.jpg,/home/omen_pc1/ava/images/594561.jpg,train,ava,True,selected_high,"Strength: clean subject emphasis.
Weakness: busier background.
Verdict: selected because clean subject emphasis carries the frame despite busier background.",Strength: clean subject emphasis.,Weakness: busier background.,Verdict: selected because clean subject emphasis carries the frame despite busier background.,local_vila_worker,/home/omen_pc1/photo_score_project/checkpoints/VILA1.5-3b
ava__train__teacher__49__ava__421076.jpg__38041988__e2b1d236,/home/omen_pc1/ava/images/421076.jpg,/home/omen_pc1/ava/images/421076.jpg,train,ava,False,middle_near_miss,"Strength: clean subject emphasis.
Weakness: busier background.
Verdict: not selected because busier background undercuts clean subject emphasis.",Strength: clean subject emphasis.,Weakness: busier background.,Verdict: not selected because busier background undercuts clean subject emphasis.,local_vila_worker,/home/omen_pc1/photo_score_project/checkpoints/VILA1.5-3b
aadb__train__teacher__194__aadb__farm1_294_19548808114_3be4e22808_b.jpg__58b24730__9165dc2c,/home/omen_pc1/photo_score_project/data/raw/aadb/images/farm1_294_19548808114_3be4e22808_b.jpg,/home/omen_pc1/photo_score_project/data/raw/aadb/images/farm1_294_19548808114_3be4e22808_b.jpg,train,aadb,False,rejected_low,"Strength: clean subject emphasis.
Weakness: busier background.
Verdict: not selected because busier background undercuts clean subject emphasis.",Strength: clean subject emphasis.,Weakness: busier background.,Verdict: not selected because busier background undercuts clean subject emphasis.,local_vila_worker,/home/omen_pc1/photo_score_project/checkpoints/VILA1.5-3b
ava__train__teacher__69__ava__684174.jpg__cb2d6895__433b3fd6,/home/omen_pc1/ava/images/684174.jpg,/home/omen_pc1/ava/images/684174.jpg,train,ava,True,selected_high,"Strength: clean subject emphasis.
Weakness: busier background.
Verdict: selected because clean subject emphasis carries the frame despite busier background.",Strength: clean subject emphasis.,Weakness: busier background.,Verdict: selected because clean subject emphasis carries the frame despite busier background.,local_vila_worker,/home/omen_pc1/photo_score_project/checkpoints/VILA1.5-3b
ava__train__teacher__20__ava__90567.jpg__9220cca8__7c54109d,/home/omen_pc1/ava/images/90567.jpg,/home/omen_pc1/ava/images/90567.jpg,train,ava,False,middle_near_miss,"Strength: clean subject emphasis.
Weakness: busier background.
Verdict: not selected because busier background undercuts clean subject emphasis.",Strength: clean subject emphasis.,Weakness: busier background.,Verdict: not selected because busier background undercuts clean subject emphasis.,local_vila_worker,/home/omen_pc1/photo_score_project/checkpoints/VILA1.5-3b
ava__train__teacher__67__ava__659660.jpg__5218df89__2a2e30f5,/home/omen_pc1/ava/images/659660.jpg,/home/omen_pc1/ava/images/659660.jpg,train,ava,True,selected_high,"Strength: clean subject emphasis.
Weakness: busier background.
Verdict: selected because clean subject emphasis carries the frame despite busier background.",Strength: clean subject emphasis.,Weakness: busier background.,Verdict: selected because clean subject emphasis carries the frame despite busier background.,local_vila_worker,/home/omen_pc1/photo_score_project/checkpoints/VILA1.5-3b
ava__train__teacher__110__ava__41906.jpg__392d45e4__cd4af510,/home/omen_pc1/ava/images/41906.jpg,/home/omen_pc1/ava/images/41906.jpg,train,ava,False,rejected_low,"Strength: clean subject emphasis.
Weakness: busier background.
Verdict: not selected because busier background undercuts clean subject emphasis.",Strength: clean subject emphasis.,Weakness: busier background.,Verdict: not selected because busier background undercuts clean subject emphasis.,local_vila_worker,/home/omen_pc1/photo_score_project/checkpoints/VILA1.5-3b
ava__train__teacher__82__ava__488759.jpg__5c2d3077__50c2565a,/home/omen_pc1/ava/images/488759.jpg,/home/omen_pc1/ava/images/488759.jpg,train,ava,False,middle_near_miss,"Strength: clean subject emphasis.
Weakness: busier background.
Verdict: not selected because busier background undercuts clean subject emphasis.",Strength: clean subject emphasis.,Weakness: busier background.,Verdict: not selected because busier background undercuts clean subject emphasis.,local_vila_worker,/home/omen_pc1/photo_score_project/checkpoints/VILA1.5-3b
aadb__train__teacher__97__aadb__farm1_288_19943225839_d4afcd8941_b.jpg__fed326c5__9982fb5b,/home/omen_pc1/photo_score_project/data/raw/aadb/images/farm1_288_19943225839_d4afcd8941_b.jpg,/home/omen_pc1/photo_score_project/data/raw/aadb/images/farm1_288_19943225839_d4afcd8941_b.jpg,train,aadb,True,selected_high,"Strength: clean subject emphasis.
Weakness: busier background.
Verdict: selected because clean subject emphasis carries the frame despite busier background.",Strength: clean subject emphasis.,Weakness: busier background.,Verdict: selected because clean subject emphasis carries the frame despite busier background.,local_vila_worker,/home/omen_pc1/photo_score_project/checkpoints/VILA1.5-3b
aadb__train__teacher__60__aadb__farm1_439_20120932302_29f76898e2_b.jpg__cc29fb29__c3976c39,/home/omen_pc1/photo_score_project/data/raw/aadb/images/farm1_439_20120932302_29f76898e2_b.jpg,/home/omen_pc1/photo_score_project/data/raw/aadb/images/farm1_439_20120932302_29f76898e2_b.jpg,train,aadb,True,selected_high,"Strength: clean subject emphasis.
Weakness: busier background.
Verdict: selected because clean subject emphasis carries the frame despite busier background.",Strength: clean subject emphasis.,Weakness: busier background.,Verdict: selected because clean subject emphasis carries the frame despite busier background.,local_vila_worker,/home/omen_pc1/photo_score_project/checkpoints/VILA1.5-3b
ava__train__teacher__188__ava__702991.jpg__175f3839__fc4c30b8,/home/omen_pc1/ava/images/702991.jpg,/home/omen_pc1/ava/images/702991.jpg,train,ava,True,selected_high,"Strength: clean subject emphasis.
Weakness: busier background.
Verdict: selected because clean subject emphasis carries the frame despite busier background.",Strength: clean subject emphasis.,Weakness: busier background.,Verdict: selected because clean subject emphasis carries the frame despite busier background.,local_vila_worker,/home/omen_pc1/photo_score_project/checkpoints/VILA1.5-3b
aadb__train__teacher__143__aadb__farm1_264_20277268102_732fe55bca_b.jpg__48a3686a__bab6ab04,/home/omen_pc1/photo_score_project/data/raw/aadb/images/farm1_264_20277268102_732fe55bca_b.jpg,/home/omen_pc1/photo_score_project/data/raw/aadb/images/farm1_264_20277268102_732fe55bca_b.jpg,train,aadb,False,rejected_low,"Strength: clean subject emphasis.
Weakness: busier background.
Verdict: not selected because busier background undercuts clean subject emphasis.",Strength: clean subject emphasis.,Weakness: busier background.,Verdict: not selected because busier background undercuts clean subject emphasis.,local_vila_worker,/home/omen_pc1/photo_score_project/checkpoints/VILA1.5-3b
ava__train__teacher__119__ava__738145.jpg__78fd7731__803abd13,/home/omen_pc1/ava/images/738145.jpg,/home/omen_pc1/ava/images/738145.jpg,train,ava,False,middle_near_miss,"Strength: clean subject emphasis.
Weakness: busier background.
Verdict: not selected because busier background undercuts clean subject emphasis.",Strength: clean subject emphasis.,Weakness: busier background.,Verdict: not selected because busier background undercuts clean subject emphasis.,local_vila_worker,/home/omen_pc1/photo_score_project/checkpoints/VILA1.5-3b
ava__train__teacher__66__ava__206524.jpg__24ef012a__7936f7ee,/home/omen_pc1/ava/images/206524.jpg,/home/omen_pc1/ava/images/206524.jpg,train,ava,False,rejected_low,"Strength: clean subject emphasis.
Weakness: busier background.
Verdict: not selected because busier background undercuts clean subject emphasis.",Strength: clean subject emphasis.,Weakness: busier background.,Verdict: not selected because busier background undercuts clean subject emphasis.,local_vila_worker,/home/omen_pc1/photo_score_project/checkpoints/VILA1.5-3b
ava__train__teacher__76__ava__827658.jpg__b098dc1f__dabd9b6d,/home/omen_pc1/ava/images/827658.jpg,/home/omen_pc1/ava/images/827658.jpg,train,ava,False,middle_near_miss,"Strength: clean subject emphasis.
Weakness: busier background.
Verdict: not selected because busier background undercuts clean subject emphasis.",Strength: clean subject emphasis.,Weakness: busier background.,Verdict: not selected because busier background undercuts clean subject emphasis.,local_vila_worker,/home/omen_pc1/photo_score_project/checkpoints/VILA1.5-3b
aadb__train__teacher__59__aadb__farm1_255_19662764583_8e52368f78_b.jpg__7cdc4255__3400200c,/home/omen_pc1/photo_score_project/data/raw/aadb/images/farm1_255_19662764583_8e52368f78_b.jpg,/home/omen_pc1/photo_score_project/data/raw/aadb/images/farm1_255_19662764583_8e52368f78_b.jpg,train,aadb,False,rejected_low,"Strength: clean subject emphasis.
Weakness: busier background.
Verdict: not selected because busier background undercuts clean subject emphasis.",Strength: clean subject emphasis.,Weakness: busier background.,Verdict: not selected because busier background undercuts clean subject emphasis.,local_vila_worker,/home/omen_pc1/photo_score_project/checkpoints/VILA1.5-3b
ava__train__teacher__41__ava__314495.jpg__56369938__87555c21,/home/omen_pc1/ava/images/314495.jpg,/home/omen_pc1/ava/images/314495.jpg,train,ava,True,selected_high,"Strength: clean subject emphasis.
Weakness: busier background.
Verdict: selected because clean subject emphasis carries the frame despite busier background.",Strength: clean subject emphasis.,Weakness: busier background.,Verdict: selected because clean subject emphasis carries the frame despite busier background.,local_vila_worker,/home/omen_pc1/photo_score_project/checkpoints/VILA1.5-3b
aadb__train__teacher__124__aadb__farm1_382_19438108523_392540e917_b.jpg__c8652fcc__201f6646,/home/omen_pc1/photo_score_project/data/raw/aadb/images/farm1_382_19438108523_392540e917_b.jpg,/home/omen_pc1/photo_score_project/data/raw/aadb/images/farm1_382_19438108523_392540e917_b.jpg,train,aadb,True,selected_high,"Strength: clean subject emphasis.
Weakness: busier background.
Verdict: selected because clean subject emphasis carries the frame despite busier background.",Strength: clean subject emphasis.,Weakness: busier background.,Verdict: selected because clean subject emphasis carries the frame despite busier background.,local_vila_worker,/home/omen_pc1/photo_score_project/checkpoints/VILA1.5-3b
aadb__train__teacher__142__aadb__farm1_450_19998788828_a78f8f7994_b.jpg__0c3c5ef8__7c6a0dae,/home/omen_pc1/photo_score_project/data/raw/aadb/images/farm1_450_19998788828_a78f8f7994_b.jpg,/home/omen_pc1/photo_score_project/data/raw/aadb/images/farm1_450_19998788828_a78f8f7994_b.jpg,train,aadb,True,selected_high,"Strength: clean subject emphasis.
Weakness: busier background.
Verdict: selected because clean subject emphasis carries the frame despite busier background.",Strength: clean subject emphasis.,Weakness: busier background.,Verdict: selected because clean subject emphasis carries the frame despite busier background.,local_vila_worker,/home/omen_pc1/photo_score_project/checkpoints/VILA1.5-3b
ava__train__teacher__31__ava__372695.jpg__77e07a74__969088a9,/home/omen_pc1/ava/images/372695.jpg,/home/omen_pc1/ava/images/372695.jpg,train,ava,False,middle_near_miss,"Strength: clean subject emphasis.
Weakness: busier background.
Verdict: not selected because busier background undercuts clean subject emphasis.",Strength: clean subject emphasis.,Weakness: busier background.,Verdict: not selected because busier background undercuts clean subject emphasis.,local_vila_worker,/home/omen_pc1/photo_score_project/checkpoints/VILA1.5-3b
ava__train__teacher__155__ava__192806.jpg__4894f836__f714c6c7,/home/omen_pc1/ava/images/192806.jpg,/home/omen_pc1/ava/images/192806.jpg,train,ava,True,selected_high,"Strength: clean subject emphasis.
Weakness: busier background.
Verdict: selected because clean subject emphasis carries the frame despite busier background.",Strength: clean subject emphasis.,Weakness: busier background.,Verdict: selected because clean subject emphasis carries the frame despite busier background.,local_vila_worker,/home/omen_pc1/photo_score_project/checkpoints/VILA1.5-3b
ava__train__teacher__146__ava__898264.jpg__7b6e8b01__e6282a43,/home/omen_pc1/ava/images/898264.jpg,/home/omen_pc1/ava/images/898264.jpg,train,ava,False,middle_near_miss,"Strength: clean subject emphasis.
Weakness: busier background.
Verdict: not selected because busier background undercuts clean subject emphasis.",Strength: clean subject emphasis.,Weakness: busier background.,Verdict: not selected because busier background undercuts clean subject emphasis.,local_vila_worker,/home/omen_pc1/photo_score_project/checkpoints/VILA1.5-3b
aadb__train__teacher__99__aadb__farm1_305_19998360805_ddbb341e7e_b.jpg__5dfe2018__566a8b93,/home/omen_pc1/photo_score_project/data/raw/aadb/images/farm1_305_19998360805_ddbb341e7e_b.jpg,/home/omen_pc1/photo_score_project/data/raw/aadb/images/farm1_305_19998360805_ddbb341e7e_b.jpg,train,aadb,False,middle_near_miss,"Strength: clean subject emphasis.
Weakness: busier background.
Verdict: not selected because busier background undercuts clean subject emphasis.",Strength: clean subject emphasis.,Weakness: busier background.,Verdict: not selected because busier background undercuts clean subject emphasis.,local_vila_worker,/home/omen_pc1/photo_score_project/checkpoints/VILA1.5-3b
ava__train__teacher__27__ava__635840.jpg__aa3a0d24__235dc17c,/home/omen_pc1/ava/images/635840.jpg,/home/omen_pc1/ava/images/635840.jpg,train,ava,False,rejected_low,"Strength: clean subject emphasis.
Weakness: busier background.
Verdict: not selected because busier background undercuts clean subject emphasis.",Strength: clean subject emphasis.,Weakness: busier background.,Verdict: not selected because busier background undercuts clean subject emphasis.,local_vila_worker,/home/omen_pc1/photo_score_project/checkpoints/VILA1.5-3b
aadb__train__teacher__34__aadb__farm1_341_19588090384_7f76bee6f4_b.jpg__d500e4c5__7758459b,/home/omen_pc1/photo_score_project/data/raw/aadb/images/farm1_341_19588090384_7f76bee6f4_b.jpg,/home/omen_pc1/photo_score_project/data/raw/aadb/images/farm1_341_19588090384_7f76bee6f4_b.jpg,train,aadb,True,selected_high,"Strength: clean subject emphasis.
Weakness: busier background.
Verdict: selected because clean subject emphasis carries the frame despite busier background.",Strength: clean subject emphasis.,Weakness: busier background.,Verdict: selected because clean subject emphasis carries the frame despite busier background.,local_vila_worker,/home/omen_pc1/photo_score_project/checkpoints/VILA1.5-3b
ava__train__teacher__15__ava__699705.jpg__ea135814__cc476c71,/home/omen_pc1/ava/images/699705.jpg,/home/omen_pc1/ava/images/699705.jpg,train,ava,True,selected_high,"Strength: selected: clean subject emphasis, busier background.
Weakness: 'Clean subject emphasis. Busier background.
Verdict: selected because selected: clean subject emphasis, busier background carries the frame despite 'Clean subject emphasis. Busier background.","Strength: selected: clean subject emphasis, busier background.",Weakness: 'Clean subject emphasis. Busier background.,"Verdict: selected because selected: clean subject emphasis, busier background carries the frame despite 'Clean subject emphasis. Busier background.",local_vila_worker,/home/omen_pc1/photo_score_project/checkpoints/VILA1.5-3b
ava__train__teacher__47__ava__450575.jpg__a2db801a__740e4c0b,/home/omen_pc1/ava/images/450575.jpg,/home/omen_pc1/ava/images/450575.jpg,train,ava,False,rejected_low,"Strength: clean subject emphasis.
Weakness: busier background.
Verdict: not selected because busier background undercuts clean subject emphasis.",Strength: clean subject emphasis.,Weakness: busier background.,Verdict: not selected because busier background undercuts clean subject emphasis.,local_vila_worker,/home/omen_pc1/photo_score_project/checkpoints/VILA1.5-3b
aadb__train__teacher__56__aadb__farm1_363_19653498564_03bc775fb8_b.jpg__cd2520fe__b40eb783,/home/omen_pc1/photo_score_project/data/raw/aadb/images/farm1_363_19653498564_03bc775fb8_b.jpg,/home/omen_pc1/photo_score_project/data/raw/aadb/images/farm1_363_19653498564_03bc775fb8_b.jpg,train,aadb,True,selected_high,"Strength: clean subject emphasis.
Weakness: busier background.
Verdict: selected because clean subject emphasis carries the frame despite busier background.",Strength: clean subject emphasis.,Weakness: busier background.,Verdict: selected because clean subject emphasis carries the frame despite busier background.,local_vila_worker,/home/omen_pc1/photo_score_project/checkpoints/VILA1.5-3b
ava__train__teacher__95__ava__783224.jpg__2066d440__a8393db9,/home/omen_pc1/ava/images/783224.jpg,/home/omen_pc1/ava/images/783224.jpg,train,ava,True,selected_high,"Strength: clean subject emphasis.
Weakness: busier background.
Verdict: selected because clean subject emphasis carries the frame despite busier background.",Strength: clean subject emphasis.,Weakness: busier background.,Verdict: selected because clean subject emphasis carries the frame despite busier background.,local_vila_worker,/home/omen_pc1/photo_score_project/checkpoints/VILA1.5-3b
aadb__train__teacher__176__aadb__farm1_374_20018733649_e62e43330f_b.jpg__336613ab__f1314840,/home/omen_pc1/photo_score_project/data/raw/aadb/images/farm1_374_20018733649_e62e43330f_b.jpg,/home/omen_pc1/photo_score_project/data/raw/aadb/images/farm1_374_20018733649_e62e43330f_b.jpg,train,aadb,False,rejected_low,"Strength: clean subject emphasis.
Weakness: busier background.
Verdict: not selected because busier background undercuts clean subject emphasis.",Strength: clean subject emphasis.,Weakness: busier background.,Verdict: not selected because busier background undercuts clean subject emphasis.,local_vila_worker,/home/omen_pc1/photo_score_project/checkpoints/VILA1.5-3b
aadb__train__teacher__22__aadb__farm1_456_19997008730_88ecb9ab04_b.jpg__c5d9d502__e4c92eea,/home/omen_pc1/photo_score_project/data/raw/aadb/images/farm1_456_19997008730_88ecb9ab04_b.jpg,/home/omen_pc1/photo_score_project/data/raw/aadb/images/farm1_456_19997008730_88ecb9ab04_b.jpg,train,aadb,True,selected_high,"Strength: clean subject emphasis.
Weakness: busier background.
Verdict: selected because clean subject emphasis carries the frame despite busier background.",Strength: clean subject emphasis.,Weakness: busier background.,Verdict: selected because clean subject emphasis carries the frame despite busier background.,local_vila_worker,/home/omen_pc1/photo_score_project/checkpoints/VILA1.5-3b
ava__train__teacher__80__ava__952167.jpg__3bbf278c__5b391b9b,/home/omen_pc1/ava/images/952167.jpg,/home/omen_pc1/ava/images/952167.jpg,train,ava,True,selected_high,"Strength: clean subject emphasis.
Weakness: busier background.
Verdict: selected because clean subject emphasis carries the frame despite busier background.",Strength: clean subject emphasis.,Weakness: busier background.,Verdict: selected because clean subject emphasis carries the frame despite busier background.,local_vila_worker,/home/omen_pc1/photo_score_project/checkpoints/VILA1.5-3b
ava__train__teacher__61__ava__756190.jpg__614edc13__8ef4d851,/home/omen_pc1/ava/images/756190.jpg,/home/omen_pc1/ava/images/756190.jpg,train,ava,True,selected_high,"Strength: clean subject emphasis.
Weakness: busier background.
Verdict: selected because clean subject emphasis carries the frame despite busier background.",Strength: clean subject emphasis.,Weakness: busier background.,Verdict: selected because clean subject emphasis carries the frame despite busier background.,local_vila_worker,/home/omen_pc1/photo_score_project/checkpoints/VILA1.5-3b
ava__train__teacher__166__ava__561740.jpg__b4ebf98b__439102f4,/home/omen_pc1/ava/images/561740.jpg,/home/omen_pc1/ava/images/561740.jpg,train,ava,False,rejected_low,"Strength: clean subject emphasis.
Weakness: busier background.
Verdict: not selected because busier background undercuts clean subject emphasis.",Strength: clean subject emphasis.,Weakness: busier background.,Verdict: not selected because busier background undercuts clean subject emphasis.,local_vila_worker,/home/omen_pc1/photo_score_project/checkpoints/VILA1.5-3b
ava__train__teacher__197__ava__855816.jpg__51066f96__4bef0955,/home/omen_pc1/ava/images/855816.jpg,/home/omen_pc1/ava/images/855816.jpg,train,ava,True,selected_high,"Strength: clean subject emphasis.
Weakness: busier background.
Verdict: selected because clean subject emphasis carries the frame despite busier background.",Strength: clean subject emphasis.,Weakness: busier background.,Verdict: selected because clean subject emphasis carries the frame despite busier background.,local_vila_worker,/home/omen_pc1/photo_score_project/checkpoints/VILA1.5-3b
aadb__train__teacher__199__aadb__farm1_386_20144642626_a3cd591c61_b.jpg__a956adb4__98f99c51,/home/omen_pc1/photo_score_project/data/raw/aadb/images/farm1_386_20144642626_a3cd591c61_b.jpg,/home/omen_pc1/photo_score_project/data/raw/aadb/images/farm1_386_20144642626_a3cd591c61_b.jpg,train,aadb,False,middle_near_miss,"Strength: clean subject emphasis.
Weakness: busier background.
Verdict: not selected because busier background undercuts clean subject emphasis.",Strength: clean subject emphasis.,Weakness: busier background.,Verdict: not selected because busier background undercuts clean subject emphasis.,local_vila_worker,/home/omen_pc1/photo_score_project/checkpoints/VILA1.5-3b
aadb__train__teacher__134__aadb__farm1_331_19997404570_7ef1a79e6d_b.jpg__9fd3d129__9f012d94,/home/omen_pc1/photo_score_project/data/raw/aadb/images/farm1_331_19997404570_7ef1a79e6d_b.jpg,/home/omen_pc1/photo_score_project/data/raw/aadb/images/farm1_331_19997404570_7ef1a79e6d_b.jpg,train,aadb,False,middle_near_miss,"Strength: clean subject emphasis.
Weakness: busier background.
Verdict: not selected because busier background undercuts clean subject emphasis.",Strength: clean subject emphasis.,Weakness: busier background.,Verdict: not selected because busier background undercuts clean subject emphasis.,local_vila_worker,/home/omen_pc1/photo_score_project/checkpoints/VILA1.5-3b
ava__train__teacher__107__ava__661189.jpg__a9f83641__deac3a39,/home/omen_pc1/ava/images/661189.jpg,/home/omen_pc1/ava/images/661189.jpg,train,ava,True,selected_high,"Strength: clean subject emphasis.
Weakness: busier background.
Verdict: selected because clean subject emphasis carries the frame despite busier background.",Strength: clean subject emphasis.,Weakness: busier background.,Verdict: selected because clean subject emphasis carries the frame despite busier background.,local_vila_worker,/home/omen_pc1/photo_score_project/checkpoints/VILA1.5-3b
ava__train__teacher__89__ava__841498.jpg__aa8c7414__6cb664b6,/home/omen_pc1/ava/images/841498.jpg,/home/omen_pc1/ava/images/841498.jpg,train,ava,True,selected_high,"Strength: clean subject emphasis.
Weakness: busier background.
Verdict: selected because clean subject emphasis carries the frame despite busier background.",Strength: clean subject emphasis.,Weakness: busier background.,Verdict: selected because clean subject emphasis carries the frame despite busier background.,local_vila_worker,/home/omen_pc1/photo_score_project/checkpoints/VILA1.5-3b
aadb__train__teacher__52__aadb__farm1_395_20022784108_4ab87e2dac_b.jpg__5e5f196a__8e013e46,/home/omen_pc1/photo_score_project/data/raw/aadb/images/farm1_395_20022784108_4ab87e2dac_b.jpg,/home/omen_pc1/photo_score_project/data/raw/aadb/images/farm1_395_20022784108_4ab87e2dac_b.jpg,train,aadb,True,selected_high,"Strength: clean subject emphasis.
Weakness: busier background.
Verdict: selected because clean subject emphasis carries the frame despite busier background.",Strength: clean subject emphasis.,Weakness: busier background.,Verdict: selected because clean subject emphasis carries the frame despite busier background.,local_vila_worker,/home/omen_pc1/photo_score_project/checkpoints/VILA1.5-3b
ava__train__teacher__184__ava__290371.jpg__2015d102__1c2ba824,/home/omen_pc1/ava/images/290371.jpg,/home/omen_pc1/ava/images/290371.jpg,train,ava,False,middle_near_miss,"Strength: clean subject emphasis.
Weakness: busier background.
Verdict: not selected because busier background undercuts clean subject emphasis.",Strength: clean subject emphasis.,Weakness: busier background.,Verdict: not selected because busier background undercuts clean subject emphasis.,local_vila_worker,/home/omen_pc1/photo_score_project/checkpoints/VILA1.5-3b
ava__train__teacher__148__ava__461205.jpg__c921a172__76e4c5e0,/home/omen_pc1/ava/images/461205.jpg,/home/omen_pc1/ava/images/461205.jpg,train,ava,False,middle_near_miss,"Strength: clean subject emphasis.
Weakness: busier background.
Verdict: not selected because busier background undercuts clean subject emphasis.",Strength: clean subject emphasis.,Weakness: busier background.,Verdict: not selected because busier background undercuts clean subject emphasis.,local_vila_worker,/home/omen_pc1/photo_score_project/checkpoints/VILA1.5-3b
ava__train__teacher__53__ava__677843.jpg__71dfc20c__7450a248,/home/omen_pc1/ava/images/677843.jpg,/home/omen_pc1/ava/images/677843.jpg,train,ava,True,selected_high,"Strength: clean subject emphasis.
Weakness: busier background.
Verdict: selected because clean subject emphasis carries the frame despite busier background.",Strength: clean subject emphasis.,Weakness: busier background.,Verdict: selected because clean subject emphasis carries the frame despite busier background.,local_vila_worker,/home/omen_pc1/photo_score_project/checkpoints/VILA1.5-3b
ava__train__teacher__18__ava__912077.jpg__bd56aa4f__5b4bea06,/home/omen_pc1/ava/images/912077.jpg,/home/omen_pc1/ava/images/912077.jpg,train,ava,False,middle_near_miss,"Strength: clean subject emphasis.
Weakness: busier background.
Verdict: not selected because busier background undercuts clean subject emphasis.",Strength: clean subject emphasis.,Weakness: busier background.,Verdict: not selected because busier background undercuts clean subject emphasis.,local_vila_worker,/home/omen_pc1/photo_score_project/checkpoints/VILA1.5-3b
ava__train__teacher__112__ava__824762.jpg__f66ae4fb__42599b44,/home/omen_pc1/ava/images/824762.jpg,/home/omen_pc1/ava/images/824762.jpg,train,ava,True,selected_high,"Strength: clean subject emphasis.
Weakness: busier background.
Verdict: selected because clean subject emphasis carries the frame despite busier background.",Strength: clean subject emphasis.,Weakness: busier background.,Verdict: selected because clean subject emphasis carries the frame despite busier background.,local_vila_worker,/home/omen_pc1/photo_score_project/checkpoints/VILA1.5-3b
aadb__train__teacher__177__aadb__farm1_454_20188212845_aa4244c4fa_b.jpg__a753aa6e__3fd89cb0,/home/omen_pc1/photo_score_project/data/raw/aadb/images/farm1_454_20188212845_aa4244c4fa_b.jpg,/home/omen_pc1/photo_score_project/data/raw/aadb/images/farm1_454_20188212845_aa4244c4fa_b.jpg,train,aadb,True,selected_high,"Strength: clean subject emphasis.
Weakness: busier background.
Verdict: selected because clean subject emphasis carries the frame despite busier background.",Strength: clean subject emphasis.,Weakness: busier background.,Verdict: selected because clean subject emphasis carries the frame despite busier background.,local_vila_worker,/home/omen_pc1/photo_score_project/checkpoints/VILA1.5-3b
ava__train__teacher__50__ava__719800.jpg__48d626a1__8ebf425e,/home/omen_pc1/ava/images/719800.jpg,/home/omen_pc1/ava/images/719800.jpg,train,ava,False,middle_near_miss,"Strength: clean subject emphasis.
Weakness: busier background.
Verdict: not selected because busier background undercuts clean subject emphasis.",Strength: clean subject emphasis.,Weakness: busier background.,Verdict: not selected because busier background undercuts clean subject emphasis.,local_vila_worker,/home/omen_pc1/photo_score_project/checkpoints/VILA1.5-3b
aadb__train__teacher__70__aadb__farm1_386_20189395322_4e0eccdefe_b.jpg__a5c8ac87__f56209c1,/home/omen_pc1/photo_score_project/data/raw/aadb/images/farm1_386_20189395322_4e0eccdefe_b.jpg,/home/omen_pc1/photo_score_project/data/raw/aadb/images/farm1_386_20189395322_4e0eccdefe_b.jpg,train,aadb,False,rejected_low,"Strength: clean subject emphasis.
Weakness: busier background.
Verdict: not selected because busier background undercuts clean subject emphasis.",Strength: clean subject emphasis.,Weakness: busier background.,Verdict: not selected because busier background undercuts clean subject emphasis.,local_vila_worker,/home/omen_pc1/photo_score_project/checkpoints/VILA1.5-3b
ava__train__teacher__154__ava__874795.jpg__04947122__8bab43a2,/home/omen_pc1/ava/images/874795.jpg,/home/omen_pc1/ava/images/874795.jpg,train,ava,False,rejected_low,"Strength: clean subject emphasis.
Weakness: busier background.
Verdict: not selected because busier background undercuts clean subject emphasis.",Strength: clean subject emphasis.,Weakness: busier background.,Verdict: not selected because busier background undercuts clean subject emphasis.,local_vila_worker,/home/omen_pc1/photo_score_project/checkpoints/VILA1.5-3b
ava__train__teacher__114__ava__175944.jpg__3f9087ab__a6bacef9,/home/omen_pc1/ava/images/175944.jpg,/home/omen_pc1/ava/images/175944.jpg,train,ava,False,rejected_low,"Strength: clean subject emphasis.
Weakness: busier background.
Verdict: not selected because busier background undercuts clean subject emphasis.",Strength: clean subject emphasis.,Weakness: busier background.,Verdict: not selected because busier background undercuts clean subject emphasis.,local_vila_worker,/home/omen_pc1/photo_score_project/checkpoints/VILA1.5-3b
aadb__train__teacher__186__aadb__farm1_497_20012809309_7def33309a_b.jpg__c427d70e__2e806068,/home/omen_pc1/photo_score_project/data/raw/aadb/images/farm1_497_20012809309_7def33309a_b.jpg,/home/omen_pc1/photo_score_project/data/raw/aadb/images/farm1_497_20012809309_7def33309a_b.jpg,train,aadb,True,selected_high,"Strength: clean subject emphasis.
Weakness: busier background.
Verdict: selected because clean subject emphasis carries the frame despite busier background.",Strength: clean subject emphasis.,Weakness: busier background.,Verdict: selected because clean subject emphasis carries the frame despite busier background.,local_vila_worker,/home/omen_pc1/photo_score_project/checkpoints/VILA1.5-3b
aadb__train__teacher__140__aadb__farm1_291_19659282193_dcaf7ab9c2_b.jpg__6194d9e4__b6622b69,/home/omen_pc1/photo_score_project/data/raw/aadb/images/farm1_291_19659282193_dcaf7ab9c2_b.jpg,/home/omen_pc1/photo_score_project/data/raw/aadb/images/farm1_291_19659282193_dcaf7ab9c2_b.jpg,train,aadb,False,middle_near_miss,"Strength: clean subject emphasis.
Weakness: busier background.
Verdict: not selected because busier background undercuts clean subject emphasis.",Strength: clean subject emphasis.,Weakness: busier background.,Verdict: not selected because busier background undercuts clean subject emphasis.,local_vila_worker,/home/omen_pc1/photo_score_project/checkpoints/VILA1.5-3b
ava__train__teacher__109__ava__510775.jpg__0d37177c__1d32118d,/home/omen_pc1/ava/images/510775.jpg,/home/omen_pc1/ava/images/510775.jpg,train,ava,True,selected_high,"Strength: clean subject emphasis.
Weakness: busier background.
Verdict: selected because clean subject emphasis carries the frame despite busier background.",Strength: clean subject emphasis.,Weakness: busier background.,Verdict: selected because clean subject emphasis carries the frame despite busier background.,local_vila_worker,/home/omen_pc1/photo_score_project/checkpoints/VILA1.5-3b
ava__train__teacher__12__ava__339919.jpg__cba8a43c__a86bdf12,/home/omen_pc1/ava/images/339919.jpg,/home/omen_pc1/ava/images/339919.jpg,train,ava,False,rejected_low,"Strength: the image captures a tender moment between two children, showcasing the bond and care shared by siblings.
Weakness: strength: The image captures a tender moment between two children, showcasing the bond and care shared by siblings. Weakness: The overall composition of the image is cluttered with various objects, which distracts from the main subjects and detracts from.
Verdict: not selected because Strength: The image captures a tender moment between two children, showcasing the bond and care shared by siblings. Weakness: The overall composition of the image is cluttered with various objects, which distracts from the main subjects and detracts from undercuts The image captures a tender moment between two children, showcasing the bond and care shared by siblings.","Strength: the image captures a tender moment between two children, showcasing the bond and care shared by siblings.","Weakness: strength: The image captures a tender moment between two children, showcasing the bond and care shared by siblings. Weakness: The overall composition of the image is cluttered with various objects, which distracts from the main subjects and detracts from.","Verdict: not selected because Strength: The image captures a tender moment between two children, showcasing the bond and care shared by siblings. Weakness: The overall composition of the image is cluttered with various objects, which distracts from the main subjects and detracts from undercuts The image captures a tender moment between two children, showcasing the bond and care shared by siblings.",local_vila_worker,/home/omen_pc1/photo_score_project/checkpoints/NVILA-8B
ava__train__teacher__72__ava__23968.jpg__5b81cd78__b1a62e20,/home/omen_pc1/ava/images/23968.jpg,/home/omen_pc1/ava/images/23968.jpg,train,ava,True,selected_high,"Strength: clean subject emphasis.
Weakness: busier background.
Verdict: selected because clean subject emphasis carries the frame despite busier background.",Strength: clean subject emphasis.,Weakness: busier background.,Verdict: selected because clean subject emphasis carries the frame despite busier background.,local_vila_worker,/home/omen_pc1/photo_score_project/checkpoints/VILA1.5-3b
ava__train__teacher__93__ava__424154.jpg__02b60f85__42cc5247,/home/omen_pc1/ava/images/424154.jpg,/home/omen_pc1/ava/images/424154.jpg,train,ava,True,selected_high,"Strength: clean subject emphasis.
Weakness: busier background.
Verdict: selected because clean subject emphasis carries the frame despite busier background.",Strength: clean subject emphasis.,Weakness: busier background.,Verdict: selected because clean subject emphasis carries the frame despite busier background.,local_vila_worker,/home/omen_pc1/photo_score_project/checkpoints/VILA1.5-3b
ava__train__teacher__21__ava__234740.jpg__246899c9__11b6ca6e,/home/omen_pc1/ava/images/234740.jpg,/home/omen_pc1/ava/images/234740.jpg,train,ava,True,selected_high,"Strength: clean subject emphasis.
Weakness: busier background.
Verdict: selected because clean subject emphasis carries the frame despite busier background.",Strength: clean subject emphasis.,Weakness: busier background.,Verdict: selected because clean subject emphasis carries the frame despite busier background.,local_vila_worker,/home/omen_pc1/photo_score_project/checkpoints/VILA1.5-3b
aadb__train__teacher__105__aadb__farm1_380_20016667010_ff2dcb3bed_b.jpg__fe6b9e59__c41d3f40,/home/omen_pc1/photo_score_project/data/raw/aadb/images/farm1_380_20016667010_ff2dcb3bed_b.jpg,/home/omen_pc1/photo_score_project/data/raw/aadb/images/farm1_380_20016667010_ff2dcb3bed_b.jpg,train,aadb,False,middle_near_miss,"Strength: clean subject emphasis.
Weakness: busier background.
Verdict: not selected because busier background undercuts clean subject emphasis.",Strength: clean subject emphasis.,Weakness: busier background.,Verdict: not selected because busier background undercuts clean subject emphasis.,local_vila_worker,/home/omen_pc1/photo_score_project/checkpoints/VILA1.5-3b
ava__train__teacher__98__ava__921646.jpg__6265a5a1__5ede2bd5,/home/omen_pc1/ava/images/921646.jpg,/home/omen_pc1/ava/images/921646.jpg,train,ava,False,rejected_low,"Strength: clean subject emphasis.
Weakness: busier background.
Verdict: not selected because busier background undercuts clean subject emphasis.",Strength: clean subject emphasis.,Weakness: busier background.,Verdict: not selected because busier background undercuts clean subject emphasis.,local_vila_worker,/home/omen_pc1/photo_score_project/checkpoints/VILA1.5-3b
aadb__train__teacher__159__aadb__farm1_351_19994987098_4c45ea8372_b.jpg__a269e64d__51028d09,/home/omen_pc1/photo_score_project/data/raw/aadb/images/farm1_351_19994987098_4c45ea8372_b.jpg,/home/omen_pc1/photo_score_project/data/raw/aadb/images/farm1_351_19994987098_4c45ea8372_b.jpg,train,aadb,False,rejected_low,"Strength: clean subject emphasis.
Weakness: busier background.
Verdict: not selected because busier background undercuts clean subject emphasis.",Strength: clean subject emphasis.,Weakness: busier background.,Verdict: not selected because busier background undercuts clean subject emphasis.,local_vila_worker,/home/omen_pc1/photo_score_project/checkpoints/VILA1.5-3b
ava__train__teacher__187__ava__7370.jpg__9b40e95e__dfd70a7c,/home/omen_pc1/ava/images/7370.jpg,/home/omen_pc1/ava/images/7370.jpg,train,ava,True,selected_high,"Strength: clean subject emphasis.
Weakness: busier background.
Verdict: selected because clean subject emphasis carries the frame despite busier background.",Strength: clean subject emphasis.,Weakness: busier background.,Verdict: selected because clean subject emphasis carries the frame despite busier background.,local_vila_worker,/home/omen_pc1/photo_score_project/checkpoints/VILA1.5-3b
ava__train__teacher__120__ava__91062.jpg__eb680481__a958eda2,/home/omen_pc1/ava/images/91062.jpg,/home/omen_pc1/ava/images/91062.jpg,train,ava,False,rejected_low,"Strength: clean subject emphasis.
Weakness: busier background.
Verdict: not selected because busier background undercuts clean subject emphasis.",Strength: clean subject emphasis.,Weakness: busier background.,Verdict: not selected because busier background undercuts clean subject emphasis.,local_vila_worker,/home/omen_pc1/photo_score_project/checkpoints/VILA1.5-3b
ava__train__teacher__125__ava__516379.jpg__ad1dec83__b85d1620,/home/omen_pc1/ava/images/516379.jpg,/home/omen_pc1/ava/images/516379.jpg,train,ava,True,selected_high,"Strength: clean subject emphasis.
Weakness: busier background.
Verdict: selected because clean subject emphasis carries the frame despite busier background.",Strength: clean subject emphasis.,Weakness: busier background.,Verdict: selected because clean subject emphasis carries the frame despite busier background.,local_vila_worker,/home/omen_pc1/photo_score_project/checkpoints/VILA1.5-3b
ava__train__teacher__151__ava__254810.jpg__42252d40__bd7f9bb1,/home/omen_pc1/ava/images/254810.jpg,/home/omen_pc1/ava/images/254810.jpg,train,ava,True,selected_high,"Strength: clean subject emphasis.
Weakness: busier background.
Verdict: selected because clean subject emphasis carries the frame despite busier background.",Strength: clean subject emphasis.,Weakness: busier background.,Verdict: selected because clean subject emphasis carries the frame despite busier background.,local_vila_worker,/home/omen_pc1/photo_score_project/checkpoints/VILA1.5-3b
ava__train__teacher__35__ava__739415.jpg__49088a38__e476a2b8,/home/omen_pc1/ava/images/739415.jpg,/home/omen_pc1/ava/images/739415.jpg,train,ava,True,selected_high,"Strength: clean subject emphasis.
Weakness: busier background.
Verdict: selected because clean subject emphasis carries the frame despite busier background.",Strength: clean subject emphasis.,Weakness: busier background.,Verdict: selected because clean subject emphasis carries the frame despite busier background.,local_vila_worker,/home/omen_pc1/photo_score_project/checkpoints/VILA1.5-3b
ava__train__teacher__55__ava__88928.jpg__2205bede__f810b9c8,/home/omen_pc1/ava/images/88928.jpg,/home/omen_pc1/ava/images/88928.jpg,train,ava,True,selected_high,"Strength: clean subject emphasis.
Weakness: busier background.
Verdict: selected because clean subject emphasis carries the frame despite busier background.",Strength: clean subject emphasis.,Weakness: busier background.,Verdict: selected because clean subject emphasis carries the frame despite busier background.,local_vila_worker,/home/omen_pc1/photo_score_project/checkpoints/VILA1.5-3b
aadb__train__teacher__36__aadb__farm1_347_19998876171_8cbce20f74_b.jpg__fd803459__d3e89bcd,/home/omen_pc1/photo_score_project/data/raw/aadb/images/farm1_347_19998876171_8cbce20f74_b.jpg,/home/omen_pc1/photo_score_project/data/raw/aadb/images/farm1_347_19998876171_8cbce20f74_b.jpg,train,aadb,True,selected_high,"Strength: clean subject emphasis.
Weakness: busier background.
Verdict: selected because clean subject emphasis carries the frame despite busier background.",Strength: clean subject emphasis.,Weakness: busier background.,Verdict: selected because clean subject emphasis carries the frame despite busier background.,local_vila_worker,/home/omen_pc1/photo_score_project/checkpoints/VILA1.5-3b
aadb__train__teacher__198__aadb__farm1_282_20263115322_dd66563c65_b.jpg__88ae5cfd__34ebff27,/home/omen_pc1/photo_score_project/data/raw/aadb/images/farm1_282_20263115322_dd66563c65_b.jpg,/home/omen_pc1/photo_score_project/data/raw/aadb/images/farm1_282_20263115322_dd66563c65_b.jpg,train,aadb,False,middle_near_miss,"Strength: clean subject emphasis.
Weakness: busier background.
Verdict: not selected because busier background undercuts clean subject emphasis.",Strength: clean subject emphasis.,Weakness: busier background.,Verdict: not selected because busier background undercuts clean subject emphasis.,local_vila_worker,/home/omen_pc1/photo_score_project/checkpoints/VILA1.5-3b
ava__train__teacher__108__ava__60482.jpg__fb547771__5290edc5,/home/omen_pc1/ava/images/60482.jpg,/home/omen_pc1/ava/images/60482.jpg,train,ava,False,middle_near_miss,"Strength: clean subject emphasis.
Weakness: busier background.
Verdict: not selected because busier background undercuts clean subject emphasis.",Strength: clean subject emphasis.,Weakness: busier background.,Verdict: not selected because busier background undercuts clean subject emphasis.,local_vila_worker,/home/omen_pc1/photo_score_project/checkpoints/VILA1.5-3b
ava__train__teacher__19__ava__898944.jpg__f97e4af3__b621167d,/home/omen_pc1/ava/images/898944.jpg,/home/omen_pc1/ava/images/898944.jpg,train,ava,True,selected_high,"Strength: clean subject emphasis.
Weakness: busier background.
Verdict: selected because clean subject emphasis carries the frame despite busier background.",Strength: clean subject emphasis.,Weakness: busier background.,Verdict: selected because clean subject emphasis carries the frame despite busier background.,local_vila_worker,/home/omen_pc1/photo_score_project/checkpoints/VILA1.5-3b
ava__train__teacher__168__ava__867456.jpg__eee86404__dee2886c,/home/omen_pc1/ava/images/867456.jpg,/home/omen_pc1/ava/images/867456.jpg,train,ava,True,selected_high,"Strength: clean subject emphasis.
Weakness: busier background.
Verdict: selected because clean subject emphasis carries the frame despite busier background.",Strength: clean subject emphasis.,Weakness: busier background.,Verdict: selected because clean subject emphasis carries the frame despite busier background.,local_vila_worker,/home/omen_pc1/photo_score_project/checkpoints/VILA1.5-3b
ava__train__teacher__170__ava__831461.jpg__9d9d002c__c9727f2a,/home/omen_pc1/ava/images/831461.jpg,/home/omen_pc1/ava/images/831461.jpg,train,ava,False,middle_near_miss,"Strength: clean subject emphasis.
Weakness: busier background.
Verdict: not selected because busier background undercuts clean subject emphasis.",Strength: clean subject emphasis.,Weakness: busier background.,Verdict: not selected because busier background undercuts clean subject emphasis.,local_vila_worker,/home/omen_pc1/photo_score_project/checkpoints/VILA1.5-3b
aadb__train__teacher__141__aadb__farm1_365_19520253064_4d3e500442_b.jpg__32733ccc__3753e412,/home/omen_pc1/photo_score_project/data/raw/aadb/images/farm1_365_19520253064_4d3e500442_b.jpg,/home/omen_pc1/photo_score_project/data/raw/aadb/images/farm1_365_19520253064_4d3e500442_b.jpg,train,aadb,True,selected_high,"Strength: clean subject emphasis.
Weakness: busier background.
Verdict: selected because clean subject emphasis carries the frame despite busier background.",Strength: clean subject emphasis.,Weakness: busier background.,Verdict: selected because clean subject emphasis carries the frame despite busier background.,local_vila_worker,/home/omen_pc1/photo_score_project/checkpoints/VILA1.5-3b
aadb__train__teacher__150__aadb__farm1_269_19640488263_22fa55674e_b.jpg__ca09cc0c__5e582aee,/home/omen_pc1/photo_score_project/data/raw/aadb/images/farm1_269_19640488263_22fa55674e_b.jpg,/home/omen_pc1/photo_score_project/data/raw/aadb/images/farm1_269_19640488263_22fa55674e_b.jpg,train,aadb,True,selected_high,"Strength: clean subject emphasis.
Weakness: busier background.
Verdict: selected because clean subject emphasis carries the frame despite busier background.",Strength: clean subject emphasis.,Weakness: busier background.,Verdict: selected because clean subject emphasis carries the frame despite busier background.,local_vila_worker,/home/omen_pc1/photo_score_project/checkpoints/VILA1.5-3b
ava__train__teacher__84__ava__294971.jpg__c133fb6c__cfd106b9,/home/omen_pc1/ava/images/294971.jpg,/home/omen_pc1/ava/images/294971.jpg,train,ava,False,middle_near_miss,"Strength: clean subject emphasis.
Weakness: busier background.
Verdict: not selected because busier background undercuts clean subject emphasis.",Strength: clean subject emphasis.,Weakness: busier background.,Verdict: not selected because busier background undercuts clean subject emphasis.,local_vila_worker,/home/omen_pc1/photo_score_project/checkpoints/VILA1.5-3b
ava__train__teacher__137__ava__521528.jpg__b1a98ed1__37759a97,/home/omen_pc1/ava/images/521528.jpg,/home/omen_pc1/ava/images/521528.jpg,train,ava,True,selected_high,"Strength: clean subject emphasis.
Weakness: busier background.
Verdict: selected because clean subject emphasis carries the frame despite busier background.",Strength: clean subject emphasis.,Weakness: busier background.,Verdict: selected because clean subject emphasis carries the frame despite busier background.,local_vila_worker,/home/omen_pc1/photo_score_project/checkpoints/VILA1.5-3b
aadb__train__teacher__23__aadb__farm1_341_19711219273_c56cef839b_b.jpg__7a9afe82__6c2f86da,/home/omen_pc1/photo_score_project/data/raw/aadb/images/farm1_341_19711219273_c56cef839b_b.jpg,/home/omen_pc1/photo_score_project/data/raw/aadb/images/farm1_341_19711219273_c56cef839b_b.jpg,train,aadb,True,selected_high,"Strength: clean subject emphasis.
Weakness: busier background.
Verdict: selected because clean subject emphasis carries the frame despite busier background.",Strength: clean subject emphasis.,Weakness: busier background.,Verdict: selected because clean subject emphasis carries the frame despite busier background.,local_vila_worker,/home/omen_pc1/photo_score_project/checkpoints/VILA1.5-3b
aadb__train__teacher__39__aadb__farm1_359_20208322391_1ea7059c05_b.jpg__e111c746__7cc3904a,/home/omen_pc1/photo_score_project/data/raw/aadb/images/farm1_359_20208322391_1ea7059c05_b.jpg,/home/omen_pc1/photo_score_project/data/raw/aadb/images/farm1_359_20208322391_1ea7059c05_b.jpg,train,aadb,True,selected_high,"Strength: clean subject emphasis.
Weakness: busier background.
Verdict: selected because clean subject emphasis carries the frame despite busier background.",Strength: clean subject emphasis.,Weakness: busier background.,Verdict: selected because clean subject emphasis carries the frame despite busier background.,local_vila_worker,/home/omen_pc1/photo_score_project/checkpoints/VILA1.5-3b
ava__val__teacher__102__ava__646467.jpg__0bba1620__f02383a7,/home/omen_pc1/ava/images/646467.jpg,/home/omen_pc1/ava/images/646467.jpg,val,ava,True,selected_high,"Strength: clean subject emphasis.
Weakness: busier background.
Verdict: selected because clean subject emphasis carries the frame despite busier background.",Strength: clean subject emphasis.,Weakness: busier background.,Verdict: selected because clean subject emphasis carries the frame despite busier background.,local_vila_worker,/home/omen_pc1/photo_score_project/checkpoints/VILA1.5-3b
ava__val__teacher__103__ava__344909.jpg__a717b859__0285862c,/home/omen_pc1/ava/images/344909.jpg,/home/omen_pc1/ava/images/344909.jpg,val,ava,True,selected_high,"Strength: clean subject emphasis.
Weakness: busier background.
Verdict: selected because clean subject emphasis carries the frame despite busier background.",Strength: clean subject emphasis.,Weakness: busier background.,Verdict: selected because clean subject emphasis carries the frame despite busier background.,local_vila_worker,/home/omen_pc1/photo_score_project/checkpoints/VILA1.5-3b
ava__val__teacher__138__ava__294865.jpg__9590b400__8053381b,/home/omen_pc1/ava/images/294865.jpg,/home/omen_pc1/ava/images/294865.jpg,val,ava,False,rejected_low,"Strength: clean subject emphasis.
Weakness: busier background.
Verdict: not selected because busier background undercuts clean subject emphasis.",Strength: clean subject emphasis.,Weakness: busier background.,Verdict: not selected because busier background undercuts clean subject emphasis.,local_vila_worker,/home/omen_pc1/photo_score_project/checkpoints/VILA1.5-3b
ava__val__teacher__78__ava__334916.jpg__6b77e5c9__d8ab2bbd,/home/omen_pc1/ava/images/334916.jpg,/home/omen_pc1/ava/images/334916.jpg,val,ava,False,rejected_low,"Strength: clean subject emphasis.
Weakness: busier background.
Verdict: not selected because busier background undercuts clean subject emphasis.",Strength: clean subject emphasis.,Weakness: busier background.,Verdict: not selected because busier background undercuts clean subject emphasis.,local_vila_worker,/home/omen_pc1/photo_score_project/checkpoints/VILA1.5-3b
ava__val__teacher__158__ava__291639.jpg__dac6f801__e082e9a8,/home/omen_pc1/ava/images/291639.jpg,/home/omen_pc1/ava/images/291639.jpg,val,ava,False,middle_near_miss,"Strength: clean subject emphasis.
Weakness: busier background.
Verdict: not selected because busier background undercuts clean subject emphasis.",Strength: clean subject emphasis.,Weakness: busier background.,Verdict: not selected because busier background undercuts clean subject emphasis.,local_vila_worker,/home/omen_pc1/photo_score_project/checkpoints/VILA1.5-3b
ava__val__teacher__128__ava__59985.jpg__b3bc116c__ccbdde1c,/home/omen_pc1/ava/images/59985.jpg,/home/omen_pc1/ava/images/59985.jpg,val,ava,True,selected_high,"Strength: clean subject emphasis.
Weakness: busier background.
Verdict: selected because clean subject emphasis carries the frame despite busier background.",Strength: clean subject emphasis.,Weakness: busier background.,Verdict: selected because clean subject emphasis carries the frame despite busier background.,local_vila_worker,/home/omen_pc1/photo_score_project/checkpoints/VILA1.5-3b
aadb__val__teacher__57__aadb__farm1_383_20184947482_0d90e80db5_b.jpg__793c9fe4__8ff02a66,/home/omen_pc1/photo_score_project/data/raw/aadb/images/farm1_383_20184947482_0d90e80db5_b.jpg,/home/omen_pc1/photo_score_project/data/raw/aadb/images/farm1_383_20184947482_0d90e80db5_b.jpg,val,aadb,True,selected_high,"Strength: clean subject emphasis.
Weakness: busier background.
Verdict: selected because clean subject emphasis carries the frame despite busier background.",Strength: clean subject emphasis.,Weakness: busier background.,Verdict: selected because clean subject emphasis carries the frame despite busier background.,local_vila_worker,/home/omen_pc1/photo_score_project/checkpoints/VILA1.5-3b
ava__val__teacher__173__ava__3151.jpg__91601971__ef012aa1,/home/omen_pc1/ava/images/3151.jpg,/home/omen_pc1/ava/images/3151.jpg,val,ava,False,middle_near_miss,"Strength: clean subject emphasis.
Weakness: busier background.
Verdict: not selected because busier background undercuts clean subject emphasis.",Strength: clean subject emphasis.,Weakness: busier background.,Verdict: not selected because busier background undercuts clean subject emphasis.,local_vila_worker,/home/omen_pc1/photo_score_project/checkpoints/VILA1.5-3b
ava__val__teacher__94__ava__124278.jpg__f00d8ea5__ba67c927,/home/omen_pc1/ava/images/124278.jpg,/home/omen_pc1/ava/images/124278.jpg,val,ava,False,middle_near_miss,"Strength: clean subject emphasis.
Weakness: busier background.
Verdict: not selected because busier background undercuts clean subject emphasis.",Strength: clean subject emphasis.,Weakness: busier background.,Verdict: not selected because busier background undercuts clean subject emphasis.,local_vila_worker,/home/omen_pc1/photo_score_project/checkpoints/VILA1.5-3b
ava__val__teacher__193__ava__872885.jpg__9a828369__be8f8571,/home/omen_pc1/ava/images/872885.jpg,/home/omen_pc1/ava/images/872885.jpg,val,ava,False,middle_near_miss,"Strength: clean subject emphasis.
Weakness: busier background.
Verdict: not selected because busier background undercuts clean subject emphasis.",Strength: clean subject emphasis.,Weakness: busier background.,Verdict: not selected because busier background undercuts clean subject emphasis.,local_vila_worker,/home/omen_pc1/photo_score_project/checkpoints/VILA1.5-3b
ava__test__teacher__192__ava__334979.jpg__4b852b84__b700a704,/home/omen_pc1/ava/images/334979.jpg,/home/omen_pc1/ava/images/334979.jpg,test,ava,True,selected_high,"Strength: clean subject emphasis.
Weakness: busier background.
Verdict: selected because clean subject emphasis carries the frame despite busier background.",Strength: clean subject emphasis.,Weakness: busier background.,Verdict: selected because clean subject emphasis carries the frame despite busier background.,local_vila_worker,/home/omen_pc1/photo_score_project/checkpoints/VILA1.5-3b
aadb__test__teacher__126__aadb__farm1_320_20081432532_dbffd1f16a_b.jpg__dad537cf__0305311f,/home/omen_pc1/photo_score_project/data/raw/aadb/images/farm1_320_20081432532_dbffd1f16a_b.jpg,/home/omen_pc1/photo_score_project/data/raw/aadb/images/farm1_320_20081432532_dbffd1f16a_b.jpg,test,aadb,True,selected_high,"Strength: clean subject emphasis.
Weakness: busier background.
Verdict: selected because clean subject emphasis carries the frame despite busier background.",Strength: clean subject emphasis.,Weakness: busier background.,Verdict: selected because clean subject emphasis carries the frame despite busier background.,local_vila_worker,/home/omen_pc1/photo_score_project/checkpoints/VILA1.5-3b
ava__test__teacher__139__ava__779780.jpg__6ba60e80__2e30f1d5,/home/omen_pc1/ava/images/779780.jpg,/home/omen_pc1/ava/images/779780.jpg,test,ava,True,selected_high,"Strength: clean subject emphasis.
Weakness: busier background.
Verdict: selected because clean subject emphasis carries the frame despite busier background.",Strength: clean subject emphasis.,Weakness: busier background.,Verdict: selected because clean subject emphasis carries the frame despite busier background.,local_vila_worker,/home/omen_pc1/photo_score_project/checkpoints/VILA1.5-3b
ava__test__teacher__149__ava__447638.jpg__4feb144b__61971a22,/home/omen_pc1/ava/images/447638.jpg,/home/omen_pc1/ava/images/447638.jpg,test,ava,True,selected_high,"Strength: clean subject emphasis.
Weakness: busier background.
Verdict: selected because clean subject emphasis carries the frame despite busier background.",Strength: clean subject emphasis.,Weakness: busier background.,Verdict: selected because clean subject emphasis carries the frame despite busier background.,local_vila_worker,/home/omen_pc1/photo_score_project/checkpoints/VILA1.5-3b
ava__test__teacher__63__ava__779836.jpg__66f4efb0__4d672b10,/home/omen_pc1/ava/images/779836.jpg,/home/omen_pc1/ava/images/779836.jpg,test,ava,False,rejected_low,"Strength: clean subject emphasis.
Weakness: busier background.
Verdict: not selected because busier background undercuts clean subject emphasis.",Strength: clean subject emphasis.,Weakness: busier background.,Verdict: not selected because busier background undercuts clean subject emphasis.,local_vila_worker,/home/omen_pc1/photo_score_project/checkpoints/VILA1.5-3b
aadb__test__teacher__157__aadb__farm1_428_20181897726_29f617fa6f_b.jpg__64b2dec7__b58fb4d7,/home/omen_pc1/photo_score_project/data/raw/aadb/images/farm1_428_20181897726_29f617fa6f_b.jpg,/home/omen_pc1/photo_score_project/data/raw/aadb/images/farm1_428_20181897726_29f617fa6f_b.jpg,test,aadb,False,rejected_low,"Strength: { ""reason"": ""rejected: clean subject emphasis.
Weakness: The background is busy with people watching the game."".
Verdict: not selected because The background is busy with people watching the game."" undercuts { ""reason"": ""rejected: clean subject emphasis.","Strength: { ""reason"": ""rejected: clean subject emphasis.","Weakness: The background is busy with people watching the game."".","Verdict: not selected because The background is busy with people watching the game."" undercuts { ""reason"": ""rejected: clean subject emphasis.",local_vila_worker,/home/omen_pc1/photo_score_project/checkpoints/VILA1.5-3b
ava__test__teacher__77__ava__546643.jpg__298d2eb4__1fed7a99,/home/omen_pc1/ava/images/546643.jpg,/home/omen_pc1/ava/images/546643.jpg,test,ava,True,selected_high,"Strength: clean subject emphasis.
Weakness: busier background.
Verdict: selected because clean subject emphasis carries the frame despite busier background.",Strength: clean subject emphasis.,Weakness: busier background.,Verdict: selected because clean subject emphasis carries the frame despite busier background.,local_vila_worker,/home/omen_pc1/photo_score_project/checkpoints/VILA1.5-3b
ava__test__teacher__180__ava__69831.jpg__e6f6af7f__25830471,/home/omen_pc1/ava/images/69831.jpg,/home/omen_pc1/ava/images/69831.jpg,test,ava,False,middle_near_miss,"Strength: clean subject emphasis.
Weakness: busier background.
Verdict: not selected because busier background undercuts clean subject emphasis.",Strength: clean subject emphasis.,Weakness: busier background.,Verdict: not selected because busier background undercuts clean subject emphasis.,local_vila_worker,/home/omen_pc1/photo_score_project/checkpoints/VILA1.5-3b
aadb__test__teacher__132__aadb__farm1_359_20007098569_a212f4bc7a_b.jpg__2b777042__e0bfbb23,/home/omen_pc1/photo_score_project/data/raw/aadb/images/farm1_359_20007098569_a212f4bc7a_b.jpg,/home/omen_pc1/photo_score_project/data/raw/aadb/images/farm1_359_20007098569_a212f4bc7a_b.jpg,test,aadb,False,middle_near_miss,"Strength: clean subject emphasis.
Weakness: busier background.
Verdict: not selected because busier background undercuts clean subject emphasis.",Strength: clean subject emphasis.,Weakness: busier background.,Verdict: not selected because busier background undercuts clean subject emphasis.,local_vila_worker,/home/omen_pc1/photo_score_project/checkpoints/VILA1.5-3b
aadb__test__teacher__40__aadb__farm1_259_19573465643_c3cfa19e63_b.jpg__af5a2e2a__5cc0c8f7,/home/omen_pc1/photo_score_project/data/raw/aadb/images/farm1_259_19573465643_c3cfa19e63_b.jpg,/home/omen_pc1/photo_score_project/data/raw/aadb/images/farm1_259_19573465643_c3cfa19e63_b.jpg,test,aadb,False,rejected_low,"Strength: clean subject emphasis.
Weakness: busier background.
Verdict: not selected because busier background undercuts clean subject emphasis.",Strength: clean subject emphasis.,Weakness: busier background.,Verdict: not selected because busier background undercuts clean subject emphasis.,local_vila_worker,/home/omen_pc1/photo_score_project/checkpoints/VILA1.5-3b
aadb__test__teacher__83__aadb__farm1_384_20009567880_f091d304ae_b.jpg__afdf6734__73d37e33,/home/omen_pc1/photo_score_project/data/raw/aadb/images/farm1_384_20009567880_f091d304ae_b.jpg,/home/omen_pc1/photo_score_project/data/raw/aadb/images/farm1_384_20009567880_f091d304ae_b.jpg,test,aadb,True,selected_high,"Strength: clean subject emphasis.
Weakness: busier background.
Verdict: selected because clean subject emphasis carries the frame despite busier background.",Strength: clean subject emphasis.,Weakness: busier background.,Verdict: selected because clean subject emphasis carries the frame despite busier background.,local_vila_worker,/home/omen_pc1/photo_score_project/checkpoints/VILA1.5-3b
ava__test__teacher__73__ava__91372.jpg__765a23a1__e2eb7b0b,/home/omen_pc1/ava/images/91372.jpg,/home/omen_pc1/ava/images/91372.jpg,test,ava,True,selected_high,"Strength: clean subject emphasis.
Weakness: busier background.
Verdict: selected because clean subject emphasis carries the frame despite busier background.",Strength: clean subject emphasis.,Weakness: busier background.,Verdict: selected because clean subject emphasis carries the frame despite busier background.,local_vila_worker,/home/omen_pc1/photo_score_project/checkpoints/VILA1.5-3b
