candidate_id,image_path,image_file_name,dataset_source,selection_band,selection_state,teacher_model_name,comment_type,short_reason,detailed_reason,comparison_reason,visible_anchor_count,generic_phrase_count,specificity_pass,audit_flags,is_clean
gemini__20__0__aadb__middle_near_miss__farm1_310_20062504052_b162f70dec_b.jpg__3df08b2e95,/home/omen_pc1/photo_score_project/data/raw/aadb/images/farm1_310_20062504052_b162f70dec_b.jpg,farm1_310_20062504052_b162f70dec_b.jpg,aadb,middle_near_miss,near_miss,gemini-2.5-pro,near_miss_feedback,"The sharp focus on the intricate metalwork is compelling, but the distracting green and yellow reflections on the map of Europe diminish the overall quality.","This is a strong close-up shot that successfully captures the detailed textures of the championship belt, from the purple stitching on the strap to the embossed lettering. The limitation is the prominent, out-of-focus green and yellow reflection covering the polished metal map of Europe, which pulls attention away from the subject itself. To improve, try changing the angle or using a polarizing filter to control the reflections on the shiny surfaces.",,3,0,True,[],True
gemini__20__1__aadb__selected_high__farm4_3780_19553346993_23b017e6b8_b.jpg__98ed38a106,/home/omen_pc1/photo_score_project/data/raw/aadb/images/farm4_3780_19553346993_23b017e6b8_b.jpg,farm4_3780_19553346993_23b017e6b8_b.jpg,aadb,selected_high,selected,gemini-2.5-pro,selected_explanation,This is a strong action shot where the bright sparks and blue light from the welding arc create a dynamic focal point against the dark welding mask.,"The image captures a moment of intense action, highlighted by the bright orange sparks flying from the welding point. The cool blue glow from the welding arc illuminates the welder's mask and the metal structure, creating a compelling color contrast with the warm sparks. The shallow depth of field keeps the focus on the welder and their immediate work area, while the clamp and metal rings add texture and context to the scene.",,1,0,False,['generic_only_wording'],False
gemini__20__2__ava__rejected_low__108286.jpg__aa0bcc309a,/home/omen_pc1/ava/images/108286.jpg,108286.jpg,ava,rejected_low,not_selected,gemini-2.5-pro,rejection_reason,"The image quality is diminished by harsh, direct lighting that creates distracting specular highlights on the toy alligator and the handle of the butter knife.","The lighting in this photograph is harsh and unflattering. Strong specular highlights are visible on the plastic surface of the green alligator toy and across the metallic handle of the butter knife in the foreground. This direct light also creates an unappealing shiny texture on the top slice of brown bread, detracting from the overall visual appeal of the scene.",,1,0,False,['generic_only_wording'],False
gemini__20__3__ava__middle_near_miss__289019.jpg__98209b9d52,/home/omen_pc1/ava/images/289019.jpg,289019.jpg,ava,middle_near_miss,near_miss,gemini-2.5-pro,near_miss_feedback,"The dramatic sunbeams and deep blue sky are compelling, but the heavy color processing makes the mountains and foreground appear unnaturally dark and lacking in detail.","This image has a strong element with the crepuscular rays breaking through the clouds on the left. However, the post-processing is too aggressive, resulting in an overly saturated, deep blue sky that feels artificial. This heavy-handed approach also crushes the blacks in the mountains and the harvested cornfield, obscuring texture and detail in the lower half of the frame. A more balanced edit that retains detail in the shadows while highlighting the sky would improve the overall quality.",,4,0,True,[],True
gemini__20__4__ava__middle_near_miss__318129.jpg__33b4849e1b,/home/omen_pc1/ava/images/318129.jpg,318129.jpg,ava,middle_near_miss,near_miss,gemini-2.5-pro,near_miss_feedback,"The dynamic curves of the chrome motorcycle fender are compelling, but the composition is too tight on the right and bottom, cutting off key parts of the bike.","This image has a strong element in the flowing, reflective chrome surfaces of the custom motorcycle, particularly the rear fender and wheel. However, the framing is a significant limitation; the composition feels cramped, cutting off the bottom of the rear tire and the end of the chrome swingarm on the right. A wider shot that includes the entire rear wheel and more of the bike's frame would create a more balanced and complete composition.",,5,0,True,[],True
gemini__20__5__ava__middle_near_miss__905212.jpg__5c96df41b5,/home/omen_pc1/ava/images/905212.jpg,905212.jpg,ava,middle_near_miss,near_miss,gemini-2.5-pro,near_miss_feedback,"The framing of the yellow, house-shaped object through the foreground hole is creative, but the soft focus on the main subject slightly weakens the image's impact.","This image has a strong creative element, using a circular opening in a yellow foreground to frame a smaller, similarly colored object that resembles a small house. This framing creates a compelling peephole effect. However, the main subject—the house-shaped object—is slightly soft and lacks sharp focus, which reduces its definition against the out-of-focus background. A sharper focus on the central yellow object would have made the subject pop more distinctly, enhancing the overall visual power of the composition.",,3,0,True,[],True
gemini__20__6__ava__middle_near_miss__251358.jpg__6ddd63b092,/home/omen_pc1/ava/images/251358.jpg,251358.jpg,ava,middle_near_miss,near_miss,gemini-2.5-pro,near_miss_feedback,"The dramatic side-lighting on the jack-o'-lantern creates a strong mood, but the heavy posterization effect and dark outlines detract from the photographic quality.","This image has a strong, moody atmosphere, effectively created by the single light source from the left that casts deep shadows across the carved pumpkin's face and the surface it rests on. However, the image is significantly degraded by a heavy digital filter that creates a posterized, cartoon-like effect with thick black outlines around the pumpkin and its stem. This filter flattens the image and obscures the natural textures of the pumpkin's skin. To improve, this shot should be presented without the artificial filter to let the dramatic lighting and natural subject stand on their own.",,3,0,True,[],True
gemini__20__7__aadb__rejected_low__farm1_291_20282188755_267821a9d9_b.jpg__4023c1487d,/home/omen_pc1/photo_score_project/data/raw/aadb/images/farm1_291_20282188755_267821a9d9_b.jpg,farm1_291_20282188755_267821a9d9_b.jpg,aadb,rejected_low,not_selected,gemini-2.5-pro,rejection_reason,"The composition is weakened by the tall, thin pole on the left which cuts through the roof of the beige building.","This is a straightforward, documentary-style shot of a street scene that lacks a strong focal point. The composition is unbalanced, with a tall, thin pole and a partial green building on the far left creating a visual distraction. The bright, direct sunlight creates some harsh shadows and a slightly washed-out sky, diminishing the overall visual impact.",,5,0,True,[],True
gemini__20__8__aadb__rejected_low__farm1_387_20196562681_21917947e5_b.jpg__6720571b58,/home/omen_pc1/photo_score_project/data/raw/aadb/images/farm1_387_20196562681_21917947e5_b.jpg,farm1_387_20196562681_21917947e5_b.jpg,aadb,rejected_low,not_selected,gemini-2.5-pro,rejection_reason,"The composition is unbalanced, with a large, dark, and mostly empty street in the foreground that detracts from the distant Panthéon.","This image is weakened by its composition and flat lighting. The lower left quadrant is dominated by a dark, empty street and a crosswalk, which creates a large area of negative space. The main subject, the Panthéon, is centered but distant, and its details are obscured by scaffolding and a construction crane. The lighting is overcast and lacks contrast, resulting in a gray, washed-out look across the entire scene, from the buildings on the left to the sidewalk on the right.",,5,0,True,[],True
gemini__20__9__aadb__selected_high__farm1_312_20202777095_9ba3d5187b_b.jpg__cdff10908f,/home/omen_pc1/photo_score_project/data/raw/aadb/images/farm1_312_20202777095_9ba3d5187b_b.jpg,farm1_312_20202777095_9ba3d5187b_b.jpg,aadb,selected_high,selected,gemini-2.5-pro,selected_explanation,The shallow depth of field effectively isolates the sunlit red leaves on the central branch from the soft green background.,"This image uses a very shallow depth of field to create a strong focal point on the central branch with its vibrant red leaves. The sunlight catches the edges of these leaves, making them glow against the much darker, out-of-focus green foliage behind them. The diagonal line of the branch leads the eye through the frame, while the contrast between the red and green creates a visually appealing color palette.",,3,0,True,[],True
gemini__20__10__ava__rejected_low__940519.jpg__2478f43954,/home/omen_pc1/ava/images/940519.jpg,940519.jpg,ava,rejected_low,not_selected,gemini-2.5-pro,rejection_reason,"The image is a simple, top-down snapshot of a common subject, a weed growing in a crack, lacking compelling visual elements.","This is a straightforward, overhead photograph of a small green plant emerging from a crack in a concrete surface. The lighting is flat and even, creating no significant shadows or highlights to add depth or drama. The composition places the plant and the crack diagonally, but the surrounding expanse of plain, textured concrete offers little else for the eye to explore.",,0,0,False,['generic_only_wording'],False
gemini__20__11__aadb__middle_near_miss__farm1_358_19972029900_bc1aee715d_b.jpg__dee593d7cd,/home/omen_pc1/photo_score_project/data/raw/aadb/images/farm1_358_19972029900_bc1aee715d_b.jpg,farm1_358_19972029900_bc1aee715d_b.jpg,aadb,middle_near_miss,near_miss,gemini-2.5-pro,near_miss_feedback,"The image captures an interesting and complex LEGO display, but the high camera angle and cluttered background detract from the main subjects.","The various LEGO creations, from the red siege engine to the grey castle walls, provide a strong subject with intricate details. However, the downward-looking camera angle flattens the scene, making it feel less dynamic. The background, with other tables and draped cloths, is distracting and pulls focus away from the LEGO models. A lower camera angle, closer to the level of the minifigures, would create a more immersive and compelling perspective.",,1,0,False,['generic_only_wording'],False
gemini__20__12__ava__rejected_low__58037.jpg__9c7e0f5348,/home/omen_pc1/ava/images/58037.jpg,58037.jpg,ava,rejected_low,not_selected,gemini-2.5-pro,rejection_reason,"The image is a poorly lit snapshot of miscellaneous items, including yellow ramps and work lights, against a plain wall.","This image lacks a clear subject or compositional focus, presenting a cluttered arrangement of objects in what appears to be a garage or storage area. The main elements, two yellow ramps and a set of work lights on a tripod, are cut off by the frame and compete for attention. The lighting is flat and direct, creating harsh reflections on the paint cans and failing to add any dimension or visual interest to the scene.",,2,2,False,['generic_only_wording'],False
gemini__20__13__aadb__middle_near_miss__farm1_324_20104961615_2c73ba70b6_b.jpg__0a3269a54a,/home/omen_pc1/photo_score_project/data/raw/aadb/images/farm1_324_20104961615_2c73ba70b6_b.jpg,farm1_324_20104961615_2c73ba70b6_b.jpg,aadb,middle_near_miss,near_miss,gemini-2.5-pro,near_miss_feedback,"The action is well-captured, but the cluttered background with power lines and buildings distracts from the players.","The photograph successfully freezes a moment of action, showing the defensive play between the man in the white tank top and the man in the blue shirt. However, the background is visually busy, featuring a building, a yellow fence, numerous power lines, and distant structures that pull focus away from the game. A lower camera angle, looking slightly up at the players, could have minimized the background clutter and used the overcast sky as a simpler backdrop, making the subjects stand out more.",,6,0,True,[],True
gemini__20__14__ava__rejected_low__9593.jpg__d6f43a7838,/home/omen_pc1/ava/images/9593.jpg,9593.jpg,ava,rejected_low,not_selected,gemini-2.5-pro,rejection_reason,"The image is poorly lit and tightly cropped, obscuring the subject, which appears to be a finger touching a reflective surface with an Apple logo.","This is a very dark, low-light macro shot that suffers from significant motion blur and digital noise, which is especially visible on the finger's skin texture. The composition is confusing because the tight framing cuts off both the finger and the object it's touching. The only clearly identifiable element is the reflection of the Apple logo, but the overall scene is ambiguous and lacks a clear focal point.",,2,0,True,[],True
gemini__20__15__ava__middle_near_miss__595105.jpg__c5600097bd,/home/omen_pc1/ava/images/595105.jpg,595105.jpg,ava,middle_near_miss,near_miss,gemini-2.5-pro,near_miss_feedback,"The image captures the dynamic motion and vibrant underwing colors of the parrot, but the motion blur on the wings and body reduces overall sharpness.","This is a strong action shot, successfully capturing the kea in mid-flight with its wings spread, revealing the striking orange and yellow feathers. However, significant motion blur affects the wings and parts of the body, softening the details that would make this an exceptional wildlife photograph. A faster shutter speed would have helped to freeze the motion, rendering the feather details with greater clarity while still conveying the sense of movement.",,0,0,False,['generic_only_wording'],False
gemini__20__16__ava__selected_high__532277.jpg__085177d147,/home/omen_pc1/ava/images/532277.jpg,532277.jpg,ava,selected_high,selected,gemini-2.5-pro,selected_explanation,"The child in the red and white gingham dress creates a strong focal point against the lush, green meadow.","The vibrant red and white gingham pattern of the child's dress and hat stands out distinctly from the surrounding sea of green grass and wildflowers. This color contrast immediately draws the eye to the subject. The shallow depth of field keeps the child in sharp focus while softly blurring the dense foliage in the foreground and background, enhancing the sense of depth. The child's focused, downward gaze as they interact with the plants adds a quiet, narrative quality to the scene.",,7,0,True,[],True
gemini__20__17__ava__selected_high__488995.jpg__a0cb9defeb,/home/omen_pc1/ava/images/488995.jpg,488995.jpg,ava,selected_high,selected,gemini-2.5-pro,selected_explanation,"The image presents a strong composition, balancing the calm, reflective water in the foreground with the detailed mountain village in the background.","The reflection of the cloudy sky and the forested mountain in the still lake creates a serene and symmetrical feel. Wisps of smoke rising from the houses add a sense of life and activity to the distant shore. The vibrant green of the trees on the right contrasts with the cool blues and grays of the water and mountains, adding depth. A small stone breakwater in the lower right corner provides a subtle but effective foreground element.",,9,1,True,['fake_weakness_in_selected'],False
gemini__20__18__ava__selected_high__729238.jpg__01898d899c,/home/omen_pc1/ava/images/729238.jpg,729238.jpg,ava,selected_high,selected,gemini-2.5-pro,selected_explanation,The dynamic Dutch angle and vibrant neon lights of the Sam the Record Man sign create a compelling and energetic urban night scene.,"This photograph uses a dramatic Dutch angle to create a sense of energy and movement, drawing the eye along the storefront and down the brightly lit city street. The large, spinning neon records on the sign serve as a powerful focal point, their bright blue and white light contrasting sharply with the red sign and the dark night sky. The fisheye lens effect curves the lines of the architecture and sidewalk, enhancing the immersive, bustling atmosphere of the scene.",,5,0,True,[],True
gemini__20__19__ava__selected_high__739484.jpg__6ebda4a315,/home/omen_pc1/ava/images/739484.jpg,739484.jpg,ava,selected_high,selected,gemini-2.5-pro,selected_explanation,"The vibrant, overlapping heart shapes create a dynamic and colorful abstract composition.","This abstract image is built from layered, multi-colored heart shapes, creating a compelling visual effect. The bright green, blue, and pink hearts contrast sharply with the solid black hearts, adding depth and structure to the center. Surrounding this central cluster, soft, out-of-focus rings of color—from yellow and orange to deep purple—provide a sense of motion and energy.",,1,0,False,['generic_only_wording'],False
